{"cameraMode":{"drawMode":0,"name":"Shaded","section":"Shading Mode"},"sceneLighting":true,"audioPlay":false,"sceneViewState":{"showFog":true,"showMaterialUpdate":false,"showSkybox":true,"showFlares":true,"showImageEffects":true,"showParticleSystems":true},"in2DMode":false,"pivot":{"x":0.5594160556793213,"y":-2.897549867630005,"z":19.982948303222658},"rotation":{"x":-0.10809482634067536,"y":-0.010160276666283608,"z":0.001106083276681602,"w":-0.9941127896308899},"size":16.410879135131837,"orthographic":false}