{"cameraMode":{"drawMode":0,"name":"Shaded","section":"Shading Mode"},"sceneLighting":false,"audioPlay":false,"sceneViewState":{"showFog":true,"showMaterialUpdate":false,"showSkybox":false,"showFlares":true,"showImageEffects":true,"showParticleSystems":true},"in2DMode":false,"pivot":{"x":2.8670597076416017,"y":0.759234607219696,"z":-0.06898833066225052},"rotation":{"x":-0.05749162286520004,"y":-0.6603661179542542,"z":0.05082300677895546,"w":-0.7470234632492065},"size":2.063764810562134,"orthographic":false}